tahun,kecamatan,kelurahan_desa,kec_lower,kec_kel,lat,long,jumlah_stunting_beresiko,jumlah_stunting_tidak_beresiko,jumlah_sasaran_keluarga,jarak_anak_t1,jarak_anak_t2,jarak_anak_t3,jarak_anak_t4,memiliki_anak_baduta,memiliki_anak_balita,memiliki_anak_pus,memiliki_anak_pus_hamil,air_minum,jamban,asi_eks_jan,asi_eks_feb,asi_eks_mar,asi_eks_apr,asi_eks_may,asi_eks_jun,asi_eks_july,asi_eks_aug,asi_eks_sept,asi_eks_oct,asi_eks_nov,asi_eks_dec,jumlah_puskesmas_asi_eks,jumlah_posyandu,jumlah_posyandu_data_lansia,luas,prop_stunting_luas
2021,Kademangan,BENDOSARI,kademangan,kademanganBENDOSARI,-8.2190,112.1043,236,285,2421,1,100,4,38,47,100,514,13,7,72,7,2,0,0,0,0,0,0,0,0,0,0,1,3,4,622.89,0.3788790958
2021,Kademangan,PAKISAJI,kademangan,kademanganPAKISAJI,-8.2167,112.0566,174,154,2290,6,67,1,14,24,47,324,4,72,80,1,0,0,0,0,0,0,0,0,0,0,0,1,1,2,636.62,0.2733184631
2021,Sutojayan,KAULON,sutojayan,sutojayanKAULON,-8.1579,112.2771,318,202,2338,1,79,9,26,26,61,327,11,12,18,2,1,0,0,0,0,0,0,0,0,0,0,1,2,1,237.95,1.336415213
2021,Kanigoro,GOGODESO,kanigoro,kanigoroGOGODESO,-8.1425,112.1877,376,549,2685,6,239,27,112,97,205,915,30,13,25,34,29,30,29,26,25,27,27,28,30,32,36,1,5,5,163.55,0.002298991134
2021,Kanigoro,JATINOM,kanigoro,kanigoroJATINOM,-8.1292,112.1743,481,502,2638,8,258,24,108,139,218,970,39,99,86,43,44,41,41,41,39,41,39,39,42,41,38,1,6,3,225.29,2.135025967
2021,Sanankulon,BENDOWULUNG,sanankulon,sanankulonBENDOWULUNG,-8.1245,112.1460,339,240,2376,6,204,12,96,80,169,696,24,10,17,0,0,0,0,0,0,3,5,8,15,16,19,1,5,3,160.39,2.113598105
2021,Kesamben,PAGERWOJO,kesamben,kesambenPAGERWOJO,-8.1241,112.3755,474,563,2699,5,264,5,114,92,186,1028,21,97,78,1,0,0,0,0,0,0,0,0,0,0,0,1,1,0,808.45,0.5863071309
2021,Kanigoro,KANIGORO,kanigoro,kanigoroKANIGORO,-8.1187,112.2026,372,526,2662,8,163,13,123,101,196,887,30,8,65,51,53,55,57,53,49,55,56,57,58,52,54,1,6,2,292.00,1.273972603
2021,Selorejo,BANJARSARI,selorejo,selorejoBANJARSARI,-8.1145,112.4083,645,177,2313,2,108,10,60,81,106,557,14,6,57,5,2,0,0,0,0,0,5,6,6,10,11,1,5,3,566.38,1.138811399
2021,Sanankulon,SUMBERINGIN,sanankulon,sanankulonSUMBERINGIN,-8.0932,112.1323,586,617,2753,25,226,4,101,121,191,918,24,130,39,0,0,1,1,1,2,5,9,12,17,23,28,1,5,2,531.00,1.103578154
2021,Srengat,PAKISREJO,srengat,srengatPAKISREJO,-8.0901,112.0521,479,572,2708,2,113,4,53,65,125,535,17,32,43,3,1,1,0,0,0,0,0,0,0,0,0,1,2,3,355.01,1.349257767
2021,Doko,SURU,doko,dokoSURU,-8.0873,112.3487,240,392,2528,2,148,3,66,68,100,626,16,0,19,3,0,0,0,0,0,0,0,0,1,1,1,1,2,3,501.91,0.4781733777
2021,Doko,JAMBEPAWON,doko,dokoJAMBEPAWON,-8.0853,112.3844,175,159,2295,0,82,5,39,29,68,334,10,51,34,0,0,0,0,0,0,0,0,0,0,0,0,0,0,4,345.75,0.5061460593
2021,Ponggok,BENDO,ponggok,ponggokBENDO,-8.0801,112.1162,415,517,2653,3,240,16,113,113,226,912,25,46,52,3,3,5,7,11,14,15,18,20,19,20,18,1,5,4,325.39,1.275392606
2021,Talun,KENDALREJO,talun,talunKENDALREJO,-8.0774,112.2533,356,213,2349,20,428,22,208,187,389,1972,47,152,123,0,0,0,0,0,0,0,0,0,0,0,0,0,0,3,760.24,0.4682731769
2021,Talun,KAMULAN,talun,talunKAMULAN,-8.0761,112.2771,273,1120,3256,4,121,7,47,51,127,535,17,8,80,2,0,0,0,0,0,0,0,0,0,0,0,1,1,4,433.25,0.6301211771
2021,Kesamben,KEMIRIGEDE,kesamben,kesambenKEMIRIGEDE,-8.0699,112.4068,145,104,2240,1,65,1,22,27,61,247,16,78,10,0,0,0,0,0,0,0,0,0,0,0,0,0,0,1,345.74,0.4193902933
2021,Srengat,TOGOGAN,srengat,srengatTOGOGAN,-8.0630,112.0566,213,4723,6859,2,137,1,73,76,118,610,20,28,36,0,0,0,0,0,0,0,0,0,0,0,0,0,0,2,"1,013.28",0.210208432
2021,Ponggok,LANGON,ponggok,ponggokLANGON,-8.0483,112.0670,542,583,2719,3,169,3,59,57,120,567,20,17,40,1,2,3,3,3,4,6,7,8,7,8,9,1,4,2,234.02,2.316041364
2021,Doko,KALIMANIS,doko,dokoKALIMANIS,-8.0400,112.4396,274,196,2332,3,109,4,53,53,99,466,16,149,14,0,0,0,0,0,0,0,0,0,0,0,0,0,0,5,447.10,0.6128382912
2021,Wlingi,TEGALASRI,wlingi,wlingiTEGALASRI,-8.0359,112.3546,137,472,2608,8,376,15,157,187,294,1261,44,493,179,2,2,1,1,0,0,0,0,0,0,0,0,1,2,5,925.00,0.1481081081
2021,Wonodadi,TAWANGREJO,wonodadi,wonodadiTAWANGREJO,-8.0356,111.9970,480,3050,5186,1,145,2,103,90,133,663,22,2,27,5,5,8,9,11,17,22,19,19,21,27,30,1,3,2,393.73,1.219109542
2021,Udanawu,BAKUNG,udanawu,udanawuBAKUNG,-8.0033,112.0268,112,293,2429,6,278,17,128,110,231,936,38,7,349,0,0,0,0,0,0,0,0,1,1,1,1,1,1,2,431.76,0.2594033722
2021,Gandusari,GADUNGAN,gandusari,gandusariGADUNGAN,7.9961,112.2921,590,567,2703,12,190,10,135,130,283,1140,37,195,155,0,0,0,0,0,0,0,2,2,2,2,2,1,2,2,154.03,3.830422645
2021,Gandusari,KRISIK,gandusari,gandusariKRISIK,-7.9653,112.3688,528,475,2611,20,153,10,83,110,218,993,36,206,131,4,2,0,0,0,0,0,0,0,0,0,0,1,4,4,600.00,0.88
2021,Gandusari,TULUNGREJO,gandusari,gandusariTULUNGREJO,-7.9802,112.3408,380,340,2476,3,140,18,90,117,157,711,32,125,51,4,0,0,0,0,0,0,0,0,0,0,0,1,1,3,171.75,2.212518195
2021,Nglegok,SUMBERASRI,nglegok,nglegokSUMBERASRI,-7.9826,112.2032,896,825,2961,13,447,27,180,211,397,1700,60,286,92,0,0,0,0,0,0,0,0,0,0,0,0,0,0,3,"19,597.00",0.04572128387
2021,Nglegok,MODANGAN,nglegok,nglegokMODANGAN,-7.9843,112.2435,547,612,2748,4,298,8,146,115,241,1142,44,70,101,0,0,0,0,0,0,0,0,0,0,0,0,0,0,2,"1,074.18",0.5092256419
2021,Wlingi,BALEREJO,wlingi,wlingiBALEREJO,-7.9846,112.4055,474,342,2478,4,169,13,57,77,129,621,21,0,18,1,1,1,1,1,1,1,0,0,0,0,0,1,1,4,536.10,0.8841634024
2021,Gandusari,SEMEN,gandusari,gandusariSEMEN,-7.9853,112.3672,628,459,2595,5,251,14,141,126,248,1078,24,313,58,1,1,1,1,1,1,0,0,1,1,1,1,1,2,6,946.60,0.6634270019
2021,Ponggok,SIDOREJO,ponggok,ponggokSIDOREJO,-7.9893,112.1352,4505,5275,7411,21,714,34,443,308,598,2699,64,115,627,1,1,0,0,0,0,0,0,0,0,0,0,1,1,2,"1,384.20",3.254587487
2021,Doko,SUMBERURIP,doko,dokoSUMBERURIP,-7.9922,112.4497,287,403,2539,9,177,4,71,56,143,683,15,0,34,0,0,0,0,0,0,0,0,0,0,0,0,0,0,3,"1,690.00",0.1698224852
2021,Ponggok,GEMBONGAN,ponggok,ponggokGEMBONGAN,-7.9931,112.0904,1152,885,3021,7,535,12,285,231,435,2014,61,289,303,1,0,0,0,0,0,0,0,0,0,0,0,1,1,2,791.66,1.455170149
2021,Udanawu,BENDOREJO,udanawu,udanawuBENDOREJO,-7.9940,112.0600,176,219,2355,2,65,4,26,30,57,273,9,0,3,0,0,0,0,0,0,0,0,0,0,0,0,0,0,1,165.65,0
2021,Garum,KARANGREJO,garum,garumKARANGREJO,-7.9941,112.2539,839,903,3039,17,367,9,240,209,368,1717,48,103,154,8,9,11,12,12,14,13,15,16,14,16,18,1,9,4,"1,609.00",0.5214418894
2021,Nglegok,PENATARAN,nglegok,nglegokPENATARAN,-7.9986,112.2193,799,836,2972,17,444,13,173,220,379,1604,51,152,151,0,0,0,0,0,0,0,0,0,0,0,0,0,0,4,"53,536.00",0.01492453676
2021,Ponggok,CANDIREJO,ponggok,ponggokCANDIREJO,-8.0033,112.1526,852,843,2979,4,512,13,214,211,361,1681,41,27,258,1,2,1,1,1,1,1,1,0,0,0,0,1,2,2,"1,193.00",0.7141659681
2021,Udanawu,SLEMANAN,udanawu,udanawuSLEMANAN,-8.0038,112.0574,386,261,2397,5,229,19,79,81,140,598,15,3,30,0,0,0,0,0,0,0,0,0,0,0,0,0,0,2,377.85,1.021569406
2021,Ponggok,BACEM,ponggok,ponggokBACEM,-8.0061,112.1126,521,440,2576,2,231,6,130,105,198,951,36,116,104,18,8,8,3,0,0,0,0,0,0,0,0,1,6,2,529.79,0.9834085204
2021,Udanawu,BESUKI,udanawu,udanawuBESUKI,-8.0063,112.0048,190,251,2387,3,123,13,43,53,109,467,21,12,4,0,0,0,0,0,0,1,3,3,3,3,3,1,2,1,"2,190.00",0.08675799087
2021,Nglegok,KEDAWUNG,nglegok,nglegokKEDAWUNG,-8.0067,112.1866,628,670,2806,14,343,38,133,167,273,1286,54,39,147,0,0,0,0,0,0,0,0,0,0,0,0,0,0,2,833.00,0.7539015606
2021,Ponggok,RINGINANYAR,ponggok,ponggokRINGINANYAR,-8.0069,112.0912,1573,1163,3299,2,127,7,58,55,99,412,22,7,72,1,0,0,0,0,0,0,0,0,0,0,0,1,1,4,224.00,7.022321429
2021,Udanawu,TEMENGGUNGAN,udanawu,udanawuTEMENGGUNGAN,-8.0080,111.9866,278,2263,4399,0,155,7,58,63,115,499,21,11,25,0,0,0,0,0,0,0,2,2,2,2,2,1,1,2,282.45,0.9842449991
2021,Gandusari,SOSO,gandusari,gandusariSOSO,-8.0117,112.3275,359,372,2508,6,141,17,75,93,172,713,30,72,84,3,1,0,0,0,0,0,0,0,0,0,0,1,3,3,770.92,0.4656773725
2021,Udanawu,SUKOREJO,udanawu,udanawuSUKOREJO,-8.0123,112.0573,319,285,2421,3,260,9,98,101,178,796,23,5,86,0,0,0,0,0,0,2,2,2,2,2,2,1,2,1,440.00,0.725
2021,Wonodadi,JATEN,wonodadi,wonodadiJATEN,-8.0135,111.9627,120,408,2544,2,81,4,23,36,64,296,6,1,22,0,0,1,3,3,3,4,5,6,8,7,7,1,2,1,162.17,0.7399642351
2021,Gandusari,NGARINGAN,gandusari,gandusariNGARINGAN,-8.0157,112.3096,538,801,2937,12,267,8,127,187,310,1321,40,25,126,0,0,0,0,0,0,0,5,5,5,5,5,1,4,8,"1,274.50",0.422126324
2021,Udanawu,TUNJUNG,udanawu,udanawuTUNJUNG,-8.0165,112.0062,2543,205,2341,6,148,12,60,60,120,520,8,20,120,0,0,0,0,0,0,1,1,1,1,1,1,1,1,1,385.18,6.602108105
2021,Udanawu,MANGUNAN,udanawu,udanawuMANGUNAN,-8.0167,112.0344,412,327,2463,3,142,9,72,73,109,520,18,13,30,1,0,0,0,0,0,0,0,0,0,0,0,1,1,2,343.88,1.198092358
2021,Gandusari,SLUMBUNG,gandusari,gandusariSLUMBUNG,-8.0193,112.3365,240,245,2381,3,103,10,60,62,101,480,21,37,28,0,0,0,0,0,0,0,0,0,0,0,0,0,0,4,356.92,0.6724195898
2021,Udanawu,JATI,udanawu,udanawuJATI,-8.0209,111.9862,206,267,2403,0,126,6,42,33,86,403,14,16,45,0,0,0,0,0,0,0,0,0,0,0,0,0,0,1,275.30,0.7482746095
2021,Ponggok,KARANGBENDO,ponggok,ponggokKARANGBENDO,-8.0211,112.1522,313,380,2516,11,308,11,168,156,290,1283,48,61,358,2,3,5,7,8,10,17,23,26,29,34,36,1,7,3,940.00,0.3329787234
2021,Nglegok,NGORAN,nglegok,nglegokNGORAN,-8.0238,112.1774,280,440,2576,5,166,12,62,83,158,710,17,5,56,0,0,0,0,0,0,0,0,0,0,0,0,0,0,4,310.00,0.9032258065
2021,Udanawu,SUMBERSARI,udanawu,udanawuSUMBERSARI,-8.0245,112.0604,217,246,2382,7,163,11,68,70,130,575,16,76,80,0,0,0,0,0,0,0,0,0,0,0,0,0,0,1,0.00,0
2021,Garum,SIDODADI,garum,garumSIDODADI,-8.0254,112.2476,979,1091,3227,13,385,15,272,275,472,2046,72,107,156,23,22,25,25,26,30,32,35,37,36,35,32,1,13,3,987.90,0.990990991
2021,Udanawu,KARANGGONDANG,udanawu,udanawuKARANGGONDANG,-8.0255,112.0343,256,469,2605,1,128,2,46,47,89,453,11,1,19,0,0,0,0,0,0,0,0,0,0,0,0,0,0,1,353.43,0.7243301361
2021,Ponggok,KEBONDUREN,ponggok,ponggokKEBONDUREN,-8.0286,112.0889,248,322,2458,8,495,17,272,180,364,1709,40,87,214,5,7,7,9,13,19,25,25,28,31,36,38,1,9,2,"8,500.00",0.02917647059
2021,Ponggok,PONGGOK,ponggok,ponggokPONGGOK,-8.0287,112.1121,223,192,2328,23,572,22,253,215,458,1968,47,45,105,5,5,6,4,9,10,15,22,33,41,48,56,1,12,2,"1,028.47",0.2168269371
2021,Wonodadi,SALAM,wonodadi,wonodadiSALAM,-8.0291,111.9747,286,700,2836,1,74,2,46,44,80,368,14,1,31,2,2,4,7,9,12,17,20,22,23,22,23,1,3,1,22.59,12.66046923
2021,Wonodadi,KEBONAGUNG,wonodadi,wonodadiKEBONAGUNG,-8.0303,112.0102,460,636,2772,2,213,13,72,108,159,749,26,17,42,6,9,11,14,20,22,25,21,20,18,15,10,1,4,1,329.00,1.398176292
2021,Garum,SLOROK,garum,garumSLOROK,-8.0347,112.2628,660,618,2754,17,296,7,201,138,278,1265,38,71,170,8,9,9,11,12,11,12,21,27,33,35,36,1,10,5,570.23,1.157427705
2021,Wonodadi,REJOSARI,wonodadi,wonodadiREJOSARI,-8.0349,111.9834,162,383,2519,2,57,6,39,37,59,307,11,2,10,6,6,8,10,11,13,15,15,16,16,16,16,1,2,1,205.00,0.7902439024
2021,Ponggok,DADAPLANGU,ponggok,ponggokDADAPLANGU,-8.0355,112.0734,412,383,2519,2,248,11,83,102,189,788,29,108,64,2,4,4,4,5,5,10,14,13,19,22,27,1,6,3,524.23,0.7859145795
2021,Nglegok,NGLEGOK,nglegok,nglegokNGLEGOK,-8.0363,112.2054,732,681,2817,8,389,22,163,213,310,1393,58,77,193,0,0,0,0,0,0,0,0,0,0,0,0,0,0,3,"5,309.00",0.1378790733
2021,Nglegok,KEMLOKO,nglegok,nglegokKEMLOKO,-8.0371,112.1890,447,385,2521,8,189,10,120,101,190,827,28,60,133,0,0,0,0,0,0,0,0,0,0,0,0,0,0,4,327.32,1.365636075
2021,Udanawu,RINGINANOM,udanawu,udanawuRINGINANOM,-8.0375,112.0415,276,415,2551,10,280,21,90,82,189,876,30,2,116,0,0,0,0,0,0,0,0,0,0,0,0,0,0,1,565.25,0.4882795223
2021,Wlingi,NGADIRENGGO,wlingi,wlingiNGADIRENGGO,-8.0375,112.3433,400,429,2565,2,222,8,94,96,172,873,28,253,74,1,1,1,1,1,1,1,0,0,0,0,0,1,1,2,"3,907.34",0.1023714343
2021,Gandusari,SUKOSEWU,gandusari,gandusariSUKOSEWU,-8.0379,112.2874,1104,787,2923,10,391,6,278,260,473,1874,61,164,416,1,1,1,1,0,0,0,8,8,8,8,8,1,4,4,796.96,1.385264003
2021,Doko,RESAPOMBO,doko,dokoRESAPOMBO,-8.0384,112.4203,835,492,2628,12,362,15,145,124,252,1317,41,212,385,0,0,0,0,0,0,0,0,0,0,0,0,0,0,3,"1,641.54",0.5086686892
2021,Nglegok,DAYU,nglegok,nglegokDAYU,-8.0394,112.1714,498,605,2741,9,236,9,114,119,239,1089,44,55,152,0,0,0,0,0,0,2,2,2,2,2,2,1,1,6,336.90,1.478183437
2021,Ponggok,MALIRAN,ponggok,ponggokMALIRAN,-8.0397,112.1325,377,466,2602,18,294,11,100,143,282,1111,35,64,162,1,4,8,9,9,12,12,15,21,23,26,29,1,6,2,878.00,0.4293849658
2021,Selorejo,AMPELGADING,selorejo,selorejoAMPELGADING,-8.0398,112.4503,223,5,2141,8,150,5,67,60,118,609,16,616,75,1,1,0,0,0,0,0,0,0,0,0,0,1,1,5,802.98,0.2777155097
2021,Ponggok,POJOK,ponggok,ponggokPOJOK,-8.0429,112.1145,888,1102,3238,8,219,16,74,121,200,832,31,10,131,0,1,4,5,6,7,9,12,15,20,26,28,1,5,2,475.00,1.869473684
2021,Gandusari,SUMBERAGUNG,gandusari,gandusariSUMBERAGUNG,-8.0437,112.2788,655,566,2702,15,238,17,159,168,279,1213,47,128,168,0,1,1,1,2,2,2,7,6,6,7,6,1,4,4,637.06,1.028160613
2021,Nglegok,KRENCENG,nglegok,nglegokKRENCENG,-8.0456,112.1912,174,186,2322,1,77,2,47,50,81,357,13,2,21,0,0,0,0,0,0,0,0,0,0,0,0,0,0,1,180.00,0.9666666667
2021,Gandusari,GANDUSARI,gandusari,gandusariGANDUSARI,-8.0474,112.3041,208,200,2336,1,109,2,72,44,85,405,16,2,77,0,0,0,0,0,0,0,4,4,4,4,4,1,2,4,216.63,0.960162489
2021,Wonodadi,KALIBOTO,wonodadi,wonodadiKALIBOTO,-8.0477,111.9842,343,684,2820,1,55,4,41,38,64,287,9,1,6,2,2,2,2,4,5,5,4,5,5,6,4,1,2,1,148.54,2.309142319
2021,Nglegok,BANGSRI,nglegok,nglegokBANGSRI,-8.0491,112.1748,558,616,2752,6,330,17,119,146,246,1166,33,30,160,0,0,0,0,0,0,1,1,1,1,1,1,1,1,5,423.00,1.319148936
2021,Garum,TAWANGSARI,garum,garumTAWANGSARI,-8.0496,112.2194,624,685,2821,34,275,23,196,154,297,1286,49,39,120,14,15,16,17,16,20,17,20,24,25,20,21,1,11,4,456.50,1.366922234
2021,Gandusari,BUTUN,gandusari,gandusariBUTUN,-8.0512,112.3128,461,439,2575,5,177,2,83,117,213,892,32,85,154,0,0,0,0,0,0,0,5,5,5,5,5,1,3,4,0.00,0
2021,Sanankulon,GLEDUG,sanankulon,sanankulonGLEDUG,-8.0514,112.1530,117,184,2320,8,151,8,77,79,118,573,14,87,125,0,0,0,0,0,0,2,3,4,6,6,7,1,3,3,208.23,0.5618786918
2021,Srengat,DERMOJAYAN,srengat,srengatDERMOJAYAN,-8.0523,112.0504,312,537,2673,0,154,1,62,94,147,732,17,30,21,3,1,0,0,0,0,0,0,0,0,0,0,1,2,1,304.42,1.024899809
2021,Ponggok,KAWEDUSAN,ponggok,ponggokKAWEDUSAN,-8.0525,112.0990,874,859,2995,2,179,10,66,87,152,685,15,4,98,1,2,3,7,10,10,12,13,15,17,16,16,1,5,3,323.00,2.705882353
2021,Gandusari,KOTES,gandusari,gandusariKOTES,-8.0534,112.2798,111,171,2307,2,48,1,27,39,58,276,7,1,23,0,0,0,0,0,0,0,0,0,0,0,0,0,0,2,195.70,0.5671946857
2021,Nglegok,JIWUT,nglegok,nglegokJIWUT,-8.0535,112.2021,437,594,2730,3,271,10,135,109,207,1023,39,5,47,0,0,0,0,0,0,0,0,0,0,0,1,1,1,5,409.00,1.068459658
2021,Gandusari,TAMBAKAN,gandusari,gandusariTAMBAKAN,-8.0562,112.2956,232,322,2458,3,102,4,51,80,124,549,19,29,41,0,0,0,0,0,0,0,1,1,1,1,1,1,1,4,182.33,1.272418143
2021,Wonodadi,WONODADI,wonodadi,wonodadiWONODADI,-8.0572,112.0001,3501,242,2378,2,279,4,109,140,223,1171,44,15,49,3,7,14,20,28,33,36,40,44,48,52,51,1,6,3,480.83,7.281159661
2021,Sanankulon,JEDING,sanankulon,sanankulonJEDING,-8.0592,112.1564,553,628,2764,0,83,8,30,45,50,298,12,4,13,0,0,0,0,0,0,2,4,6,7,11,12,1,2,2,103.75,5.330120482
2021,Wonodadi,PIKATAN,wonodadi,wonodadiPIKATAN,-8.0594,112.0225,129,211,2347,1,173,5,132,100,171,949,32,2,69,4,4,4,4,4,5,10,8,16,21,29,38,1,6,2,595.53,0.2166137726
2021,Doko,PLUMBANGAN,doko,dokoPLUMBANGAN,-8.0603,112.3527,386,396,2532,3,193,8,76,103,177,774,21,88,74,5,0,0,0,0,0,0,0,0,0,0,0,1,2,3,655.16,0.5891690579
2021,Garum,SUMBERDIREN,garum,garumSUMBERDIREN,-8.0615,112.2138,147,185,2321,3,66,6,53,50,69,331,13,14,5,6,6,5,5,7,6,6,7,8,7,7,6,1,2,2,110.25,1.333333333
2021,Doko,SIDOREJO,doko,dokoSIDOREJO,-8.0616,112.3813,432,208,2344,5,173,3,77,73,148,636,19,271,24,1,0,0,0,0,0,0,0,0,0,0,0,1,1,3,"1,045.00",0.4133971292
2021,Wonodadi,KOLOMAYAN,wonodadi,wonodadiKOLOMAYAN,-8.0631,112.0395,484,514,2650,2,259,7,150,137,242,1132,38,21,54,3,3,8,12,17,21,33,40,46,46,45,46,1,6,1,497.00,0.9738430584
2021,Wlingi,TEMBALANG,wlingi,wlingiTEMBALANG,-8.0633,112.3366,394,4735,6871,1,70,3,33,29,54,252,14,1,51,0,0,0,0,0,0,0,0,0,0,0,0,0,0,4,130.53,3.018463189
2021,Gandusari,GONDANG,gandusari,gandusariGONDANG,-8.0634,112.2758,130,132,2268,2,59,4,40,41,54,261,9,26,30,0,0,0,0,0,0,0,0,0,0,0,0,0,0,1,153.49,0.8469607141
2021,Srengat,BAGELENAN,srengat,srengatBAGELENAN,-8.0636,112.0919,220,428,2564,1,105,4,57,95,136,624,21,0,50,0,0,0,0,0,0,0,0,0,0,0,0,0,0,1,234.00,0.9401709402
2021,Wlingi,BABADAN,wlingi,wlingiBABADAN,-8.0641,112.3188,227,649,2785,7,423,20,216,180,306,1437,36,58,79,0,0,0,0,0,0,0,0,0,0,1,1,1,1,3,523.25,0.4338270425
2021,Talun,JAJAR,talun,talunJAJAR,-8.0647,112.2843,356,305,2441,4,99,5,41,50,102,419,20,3,36,2,2,1,0,0,0,0,0,0,0,0,0,1,1,3,200.40,1.776447106
2021,Garum,BENCE,garum,garumBENCE,-8.0666,112.2356,761,756,2892,10,338,12,207,183,326,1506,52,196,104,12,14,18,17,17,16,22,23,26,24,26,25,1,8,5,642.00,1.185358255
2021,Srengat,SRENGAT,srengat,srengatSRENGAT,-8.0669,112.0738,281,295,2431,0,203,1,111,142,209,1042,38,47,14,0,0,0,0,0,0,0,0,0,0,0,0,0,0,2,511.00,0.5499021526
2021,Sanankulon,SUMBER,sanankulon,sanankulonSUMBER,-8.0670,112.1317,439,482,2618,18,329,16,157,150,291,1285,39,12,115,0,0,0,0,0,0,7,9,17,23,31,41,1,7,1,409.50,1.072039072
2021,Sanankulon,SUMBERJO,sanankulon,sanankulonSUMBERJO,-8.0672,112.1489,240,317,2453,12,277,21,148,149,294,1188,52,60,130,0,0,0,0,0,0,9,16,24,27,33,39,1,7,7,341.80,0.7021650088
2021,Ponggok,JATILENGGER,ponggok,ponggokJATILENGGER,-8.0682,112.1143,280,422,2558,4,203,15,77,72,137,692,29,13,13,4,6,6,4,6,10,13,12,13,15,20,21,1,4,2,427.25,0.6553540082
2021,Garum,POJOK,garum,garumPOJOK,-8.0686,112.0000,627,669,2805,8,314,14,186,153,298,1283,39,19,147,8,6,7,8,9,8,14,14,15,17,17,15,1,9,4,"1,058.00",0.5926275992
2021,Srengat,DANDONG,srengat,srengatDANDONG,-8.0721,112.0800,310,376,2512,0,109,6,78,72,129,539,12,6,8,9,5,3,1,1,1,1,1,2,6,8,8,1,3,2,14.08,22.01704545
2021,Talun,KAWERON,talun,talunKAWERON,-8.0725,112.2963,873,319,2455,2,169,10,72,94,150,652,23,5,48,0,0,0,0,0,0,0,0,0,0,0,0,0,0,3,296.90,2.940383968
2021,Doko,DOKO,doko,dokoDOKO,-8.0755,112.3715,514,69,2205,4,148,4,72,81,129,576,20,454,17,0,0,0,0,0,0,0,0,0,0,0,0,0,0,3,"48,499.00",0.01059815666
2021,Srengat,KENDALREJO,srengat,srengatKENDALREJO,-8.0762,112.0942,178,279,2415,2,101,2,55,51,113,502,24,6,63,3,1,0,0,0,0,0,0,0,0,0,0,1,3,2,221.18,0.8047743919
2021,Kesamben,BUMIREJO,kesamben,kesambenBUMIREJO,-8.0773,112.4179,508,337,2473,5,230,2,88,100,154,830,26,197,166,5,1,0,0,0,0,0,0,0,0,0,0,1,4,1,583.11,0.8711906844
2021,Garum,GARUM,garum,garumGARUM,-8.0776,112.2103,509,530,2666,3,291,11,171,145,272,1026,46,46,98,16,16,17,17,15,15,15,16,14,14,13,13,1,7,4,370.70,1.373077961
2021,Wlingi,BERU,wlingi,wlingiBERU,-8.0785,112.3257,299,360,2496,2,368,14,139,135,252,1105,35,18,51,1,1,1,1,1,1,1,0,0,0,0,0,1,1,7,385.14,0.7763410708
2021,Srengat,KAUMAN,srengat,srengatKAUMAN,-8.0790,112.0832,242,291,2427,0,128,1,79,70,115,570,19,4,27,0,0,0,0,0,0,0,0,0,0,0,0,0,0,2,295.32,0.819450088
2021,Srengat,KERJEN,srengat,srengatKERJEN,-8.0808,112.0584,237,547,2683,0,88,3,50,65,95,464,13,3,14,2,1,0,0,0,0,0,0,0,0,0,0,1,2,1,334.50,0.7085201794
2021,Wonodadi,GANDEKAN,wonodadi,wonodadiGANDEKAN,-8.0810,112.0050,131,173,2309,4,219,9,104,139,216,1108,34,7,56,6,6,9,14,20,22,28,30,36,37,37,36,1,5,1,526.00,0.2490494297
2021,Selorejo,SIDOMULYO,selorejo,selorejoSIDOMULYO,-8.0828,112.4401,543,6538,8674,3,184,11,53,93,152,869,20,805,26,8,3,0,0,0,0,0,6,7,7,7,14,1,8,3,"8,878.00",0.06116242397
2021,Sanankulon,KALIPUCUNG,sanankulon,sanankulonKALIPUCUNG,-8.0831,112.1242,224,276,2412,5,320,16,175,143,253,1168,41,14,109,0,0,0,0,0,0,8,12,19,22,28,35,1,7,3,346.81,0.6458867968
2021,Wlingi,KLEMUNAN,wlingi,wlingiKLEMUNAN,-8.0874,112.3083,517,591,2727,0,202,12,83,74,124,632,19,5,69,0,0,0,0,0,0,0,0,0,0,0,0,0,0,8,403.00,1.282878412
2021,Srengat,WONOREJO,srengat,srengatWONOREJO,-8.0895,112.0718,3406,646,2782,1,136,5,54,61,108,505,14,7,24,0,0,0,0,0,0,0,0,0,0,0,0,0,0,2,261.45,13.02734749
2021,Srengat,KANDANGAN,srengat,srengatKANDANGAN,-8.0896,112.0928,369,334,2470,1,142,1,82,89,141,683,21,4,55,0,0,0,0,0,0,0,0,0,0,0,0,0,0,2,326.00,1.13190184
2021,Wonodadi,KUNIR,wonodadi,wonodadiKUNIR,-8.0900,112.0287,442,182,2318,12,240,3,111,132,228,1107,30,18,102,8,9,18,20,24,25,26,23,23,19,18,19,1,5,1,524.55,0.8426270136
2021,Garum,TINGAL,garum,garumTINGAL,-8.0902,112.2251,337,488,2624,49,104,22,140,111,212,814,33,16,56,8,8,6,5,4,4,7,7,9,10,13,15,1,4,4,280.00,1.203571429
2021,Selorejo,NGRENDENG,selorejo,selorejoNGRENDENG,-8.0910,112.4272,180,103,2239,1,149,8,91,74,165,773,23,331,37,0,0,0,0,0,0,0,0,1,1,1,3,1,3,3,609.16,0.2954888699
2021,Talun,TALUN,talun,talunTALUN,-8.0914,112.2696,409,430,2566,1,226,4,131,110,216,902,33,20,49,0,0,0,0,0,0,0,1,2,2,2,2,1,2,3,403.00,1.014888337
2021,Doko,GENENGAN,doko,dokoGENENGAN,-8.0939,112.3613,148,208,2344,1,102,1,30,45,80,352,9,2,28,0,0,0,0,0,0,0,0,0,0,0,0,0,0,2,355.25,0.4166080225
2021,Talun,BAJANG,talun,talunBAJANG,-8.0950,112.2911,379,260,2396,1,256,13,92,93,175,786,26,19,24,0,0,0,0,0,0,0,0,0,0,0,0,0,0,1,405.45,0.9347638426
2021,Srengat,KARANGGAYAM,srengat,srengatKARANGGAYAM,-8.0959,112.0455,241,266,2402,2,177,2,95,108,194,893,29,4,39,5,2,0,0,0,0,0,0,1,2,3,3,1,1,2,479.30,0.5028166076
2021,Kesamben,TAPAKREJO,kesamben,kesambenTAPAKREJO,-8.0974,112.4056,223,265,2401,1,106,6,43,64,97,486,19,31,36,2,0,0,0,0,0,0,0,0,0,0,0,1,2,1,404.00,0.551980198
2021,Sanankulon,SANANKULON,sanankulon,sanankulonSANANKULON,-8.0978,112.1294,551,750,2886,10,198,7,98,83,178,838,25,10,52,0,0,0,1,1,1,4,6,6,10,19,20,1,6,5,247.00,2.230769231
2021,Kesamben,TEPAS,kesamben,kesambenTEPAS,-8.0979,112.3849,488,350,2486,0,213,5,94,76,180,827,16,81,248,0,0,0,0,0,0,0,0,0,0,0,0,0,0,1,702.40,0.69476082
2021,Talun,PASIRHARJO,talun,talunPASIRHARJO,-8.0986,112.2535,129,528,2664,5,184,4,79,100,166,668,23,113,86,3,1,0,0,0,0,0,0,0,0,0,0,1,1,3,286.08,0.4509228188
2021,Wlingi,WLINGI,wlingi,wlingiWLINGI,-8.0997,112.3161,3473,678,2814,5,253,10,118,100,178,857,23,21,89,0,0,0,1,1,1,1,1,1,1,0,0,1,1,3,"3,500.00",0.9922857143
2021,Kanigoro,PAPUNGAN,kanigoro,kanigoroPAPUNGAN,-8.0998,112.1952,578,665,2801,13,344,25,182,141,303,1231,38,57,53,53,57,50,46,44,42,45,53,49,45,48,47,1,7,1,"2,900.00",0.1993103448
2021,Srengat,MARON,srengat,srengatMARON,-8.0999,112.0790,541,281,2417,2,94,0,50,58,115,513,18,13,41,0,0,0,0,0,0,0,0,0,0,0,0,0,0,2,282.76,1.91328335
2021,Srengat,NGAGLIK,srengat,srengatNGAGLIK,-8.1018,112.1072,260,682,2818,0,198,4,114,154,231,1076,35,10,198,16,14,7,1,0,0,0,0,1,1,1,1,1,4,1,485.00,0.5360824742
2021,Doko,SLOROK,doko,dokoSLOROK,-8.1024,112.3489,326,462,2598,2,196,3,90,87,158,778,37,0,73,0,0,0,0,0,0,0,0,0,0,0,0,0,0,3,476.05,0.6848020166
2021,Talun,WONOREJO,talun,talunWONOREJO,-8.1052,112.3133,3442,335,2471,4,198,8,113,88,157,754,30,10,39,0,0,0,0,0,0,0,0,0,0,0,0,0,0,1,341.90,10.06727113
2021,Srengat,SELOKAJANG,srengat,srengatSELOKAJANG,-8.1069,112.0921,425,332,2468,3,188,2,101,132,237,1030,45,7,113,11,5,4,0,0,0,1,7,16,18,19,21,1,7,3,504.76,0.8419843094
2021,Kanigoro,BANGGLE,kanigoro,kanigoroBANGGLE,-8.1078,112.2114,682,930,3066,19,368,44,213,228,358,1601,60,11,82,88,84,91,100,101,95,97,106,106,104,97,94,1,6,6,586.19,1.163445299
2021,Srengat,PURWOKERTO,srengat,srengatPURWOKERTO,-8.1082,112.0669,464,628,2764,1,193,5,109,139,243,1150,40,18,138,1,1,1,0,0,0,0,1,2,6,6,7,1,2,3,373.30,1.242968122
2021,Selorejo,SUMBERAGUNG,selorejo,selorejoSUMBERAGUNG,-8.1099,112.4261,5046,357,2493,1,162,7,76,80,148,720,14,422,23,7,3,1,0,0,0,0,0,0,0,1,3,1,4,4,525.56,9.601187305
2021,Sanankulon,BENDOSARI,sanankulon,sanankulonBENDOSARI,-8.1100,112.1164,301,399,2535,5,110,13,56,57,79,430,10,2,7,0,1,2,2,2,2,6,7,7,9,12,13,1,3,3,170.20,1.768507638
2021,Kanigoro,SAWENTAR,kanigoro,kanigoroSAWENTAR,-8.1103,112.2272,1137,1255,3391,62,522,45,322,304,542,2373,76,124,285,116,101,99,99,101,108,103,103,111,111,104,104,1,12,5,869.15,1.308174653
2021,Kanigoro,KUNINGAN,kanigoro,kanigoroKUNINGAN,-8.1105,112.1816,272,340,2476,4,181,8,81,70,114,609,19,12,16,21,19,23,25,26,24,27,25,26,26,25,26,1,3,3,274.00,0.9927007299
2021,Wlingi,TANGKIL,wlingi,wlingiTANGKIL,-8.1124,112.3261,852,117,2253,2,279,17,125,131,221,972,25,12,33,0,0,0,0,0,0,0,0,0,0,0,0,0,0,6,381.64,2.232470391
2021,Sanankulon,PURWOREJO,sanankulon,sanankulonPURWOREJO,-8.1134,112.1316,386,461,2597,12,330,21,160,154,289,1244,31,112,70,0,0,0,0,0,0,5,6,16,21,29,33,1,8,5,502.91,0.7675329582
2021,Selorejo,BORO,selorejo,selorejoBORO,-8.1147,112.4456,77,271,2407,5,154,3,49,66,109,638,12,536,136,5,3,1,1,0,1,5,7,9,9,11,12,1,6,4,0.00,0
2021,Talun,SRAGI,talun,talunSRAGI,-8.1163,112.2921,388,516,2652,6,93,2,22,54,72,336,8,0,21,0,0,0,0,0,0,0,0,0,0,0,0,0,0,3,142.00,2.732394366
2021,Talun,DUREN,talun,talunDUREN,-8.1201,112.0000,274,264,2400,1,131,3,34,50,98,411,16,3,22,1,0,0,0,0,0,0,0,0,0,0,0,1,1,3,224.89,1.218373427
2021,Selopuro,JAMBEWANGI,selopuro,selopuroJAMBEWANGI,-8.1205,110.0000,292,279,2415,1,140,9,72,84,162,685,13,27,77,8,2,0,0,0,0,1,1,1,1,1,1,1,4,3,275.00,1.061818182
2021,Talun,JEBLOG,talun,talunJEBLOG,-8.1210,112.2620,233,384,2520,5,239,21,106,93,141,767,20,9,20,3,1,0,0,0,0,0,0,0,0,0,0,1,2,2,243.53,0.956760974
2021,Kanigoro,GAPRANG,kanigoro,kanigoroGAPRANG,-8.1213,112.1844,420,576,2712,7,272,9,99,118,207,988,34,14,47,34,35,37,35,43,45,43,43,42,42,39,38,1,5,2,208.25,2.016806723
2021,Selopuro,JATITENGAH,selopuro,selopuroJATITENGAH,-8.1242,112.2989,474,275,2411,1,156,8,64,88,122,569,26,46,98,0,0,0,0,0,1,2,3,3,3,3,3,1,2,2,25.41,18.6540732
2021,Sanankulon,TULISKRIYO,sanankulon,sanankulonTULISKRIYO,-8.1261,112.1373,3302,3577,5713,1,138,7,62,85,139,546,16,8,54,1,1,2,2,2,1,5,6,12,14,14,17,1,6,6,170.40,19.37793427
2021,Talun,BENDOSEWU,talun,talunBENDOSEWU,-8.1276,112.2658,154,363,2499,3,221,7,89,128,219,898,32,16,59,1,0,0,0,0,0,0,0,0,0,0,0,1,1,1,499.12,0.3085430357
2021,Selorejo,OLAK ALEN,selorejo,selorejoOLAK ALEN,-8.1288,112.4324,262,159,2295,1,130,12,39,36,89,550,14,1,12,1,1,0,0,0,0,0,1,1,1,2,4,1,2,4,"3,374.00",0.07765263782
2021,Selopuro,POPOH,selopuro,selopuroPOPOH,-8.1293,112.3399,653,803,2939,3,230,18,109,92,199,810,23,26,151,7,1,0,0,0,0,0,0,0,0,0,0,1,6,4,411.00,1.588807786
2021,Talun,TUMPANG,talun,talunTUMPANG,-8.1302,112.2431,333,3532,5668,1,178,9,107,84,208,919,30,21,99,1,0,0,0,0,0,0,0,0,0,0,0,1,1,1,403.00,0.8263027295
2021,Sanankulon,PLOSOARANG,sanankulon,sanankulonPLOSOARANG,-8.1310,112.1486,593,664,2800,2,143,7,73,71,120,497,14,22,19,1,1,2,1,1,3,4,4,7,9,12,19,1,5,3,145.00,4.089655172
2021,Kesamben,KESAMBEN,kesamben,kesambenKESAMBEN,-8.1357,112.3568,418,548,2684,2,218,13,108,105,186,955,25,65,30,0,0,0,0,0,0,0,0,0,0,0,0,0,0,20,401.80,1.040318566
2021,Kanigoro,MINGGIRSARI,kanigoro,kanigoroMINGGIRSARI,-8.1371,112.1632,312,428,2564,5,172,10,97,98,154,734,19,1,44,19,22,24,20,19,17,18,15,14,11,13,16,1,4,4,261.76,1.19193154
2021,Selopuro,MRONJO,selopuro,selopuroMRONJO,-8.1376,112.2771,454,479,2615,3,261,16,86,121,212,942,29,9,18,4,0,0,0,0,0,0,0,0,0,0,0,1,4,3,429.98,1.055863063
2021,Selopuro,PLOSO,selopuro,selopuroPLOSO,-8.1380,112.2931,454,365,2501,3,251,17,132,117,232,925,38,55,117,3,0,0,0,0,0,0,1,1,1,1,1,1,4,5,4.62,98.26839827
2021,Kademangan,JIMBE,kademangan,kademanganJIMBE,-8.1381,112.1278,375,374,2510,2,130,20,89,98,153,738,27,82,45,2,1,0,0,0,0,0,0,0,0,0,0,1,2,1,257.93,1.453882836
2021,Talun,JABUNG,talun,talunJABUNG,-8.1384,112.2593,161,418,2554,2,179,10,80,71,124,631,32,1,26,3,1,0,0,0,0,0,0,0,0,0,0,1,2,1,288.70,0.5576723242
2021,Selorejo,NGRECO,selorejo,selorejoNGRECO,-8.1385,112.4445,513,375,2511,0,60,3,23,25,48,249,12,0,0,2,2,0,0,0,0,2,3,4,6,7,7,1,3,1,236.53,2.168858073
2021,Selorejo,SELOREJO,selorejo,selorejoSELOREJO,-8.1387,112.4222,825,186,2322,11,142,11,62,61,130,649,16,388,45,0,0,0,0,0,0,0,0,0,0,0,1,1,1,4,407.50,2.024539877
2021,Kanigoro,KARANGSONO,kanigoro,kanigoroKARANGSONO,-8.1408,112.1989,499,629,2765,15,304,24,135,152,227,1118,38,19,78,53,60,62,60,62,63,59,54,45,47,45,44,1,6,4,304.18,1.640476034
2021,Kesamben,SIRAMAN,kesamben,kesambenSIRAMAN,-8.1422,112.3361,686,805,2941,10,404,9,146,169,333,1475,59,73,175,6,4,0,0,0,0,0,0,0,0,0,0,1,4,1,"4,973.10",0.1379421287
2021,Kanigoro,SATREYAN,kanigoro,kanigoroSATREYAN,-8.1425,112.2210,683,793,2929,16,389,26,170,182,340,1456,45,43,175,65,71,72,75,78,81,80,74,67,63,60,53,1,9,7,5.30,128.8679245
2021,Kesamben,PAGERGUNUNG,kesamben,kesambenPAGERGUNUNG,-8.1459,112.3758,358,431,2567,8,162,16,81,99,175,777,17,111,40,0,0,0,0,0,0,0,0,0,0,0,0,0,0,1,559.50,0.6398570152
2021,Kademangan,KADEMANGAN,kademangan,kademanganKADEMANGAN,-8.1479,112.1430,580,641,2777,14,255,13,150,126,244,1209,30,22,150,1,0,0,0,0,0,0,0,0,0,0,0,1,1,2,311.00,1.864951768
2021,Kademangan,REJOWINANGUN,kademangan,kademanganREJOWINANGUN,-8.1489,112.1537,199,293,2429,0,101,4,53,39,99,484,16,0,6,9,0,0,0,0,0,0,0,0,0,0,0,1,3,1,160.75,1.237947123
2021,Selopuro,TEGALREJO,selopuro,selopuroTEGALREJO,-8.1495,112.3152,4384,1677,3813,3,144,6,101,89,162,704,17,10,27,1,1,1,1,1,1,1,2,2,2,2,2,1,2,3,327.63,13.38094802
2021,Kesamben,SUKOANYAR,kesamben,kesambenSUKOANYAR,-8.1503,112.4017,88,123,2259,2,62,5,25,18,41,209,7,0,2,0,0,0,0,0,0,0,0,0,0,0,0,0,0,4,511.17,0.1721540779
2021,Selopuro,MANDESAN,selopuro,selopuroMANDESAN,-8.1514,112.2864,365,584,2720,1,144,2,112,88,167,744,29,69,260,7,0,0,0,0,0,3,3,3,3,3,3,1,5,4,398.00,0.9170854271
2021,Selorejo,POHGAJIH,selorejo,selorejoPOHGAJIH,-8.1527,112.4242,500,57,2193,2,78,7,49,41,79,363,10,113,176,2,1,1,0,0,0,0,3,3,3,3,4,1,2,4,350.10,1.428163382
2021,Sutojayan,JEGU,sutojayan,sutojayanJEGU,-8.1574,112.2300,447,657,2793,5,175,4,52,66,101,576,18,16,20,2,0,0,0,0,0,0,0,0,0,0,0,1,2,4,830.00,0.5385542169
2021,Selopuro,SELOPURO,selopuro,selopuroSELOPURO,-8.1579,112.3014,289,423,2559,12,459,16,174,221,312,1444,60,26,83,0,0,0,0,0,0,6,11,13,13,13,13,1,8,4,757.69,0.3814224815
2021,Kademangan,DARUNGAN,kademangan,kademanganDARUNGAN,-8.1585,112.1739,355,458,2594,6,148,12,68,83,136,806,28,26,101,2,0,0,0,0,0,0,0,0,0,0,0,1,2,2,268.20,1.323639075
2021,Kademangan,PLOSOREJO,kademangan,kademanganPLOSOREJO,-8.1592,112.1614,592,705,2841,4,246,18,130,164,243,1286,51,26,168,0,0,0,0,0,0,0,0,0,0,0,0,0,0,3,857.20,0.6906206253
2021,Kademangan,PLUMPUNGREJO,kademangan,kademanganPLUMPUNGREJO,-8.1595,112.1257,296,327,2463,0,116,13,75,82,120,616,24,12,92,2,0,0,0,0,0,0,0,0,0,0,0,1,2,2,409.38,0.723044604
2021,Kesamben,JUGO,kesamben,kesambenJUGO,-8.1634,112.3452,392,426,2562,1,154,3,94,69,149,813,22,107,21,0,0,0,0,0,0,1,1,1,1,1,1,1,1,0,914.00,0.4288840263
2021,Kademangan,SUMBERJO,kademangan,kademanganSUMBERJO,-8.1719,112.1106,330,348,2484,2,116,4,58,77,140,671,24,1,154,0,0,0,0,0,0,0,0,0,0,0,0,0,0,4,"89,519.00",0.003686368257
2021,Kademangan,SUMBERJATI,kademangan,kademanganSUMBERJATI,-8.1725,112.1485,343,373,2509,4,133,8,80,78,157,709,24,1,113,7,0,0,0,0,0,0,0,0,0,0,0,1,5,3,519.58,0.6601485815
2021,Binangun,TAWANGREJO,binangun,binangunTAWANGREJO,-8.1749,112.3437,154,204,2340,2,70,3,58,45,79,353,5,18,32,0,0,0,0,0,0,0,0,1,5,9,9,1,3,2,222.19,0.6931004996
2021,Sutojayan,KEMBANGARUM,sutojayan,sutojayanKEMBANGARUM,-8.1775,112.1989,507,376,2512,1,86,2,36,32,69,325,9,13,12,0,0,0,0,0,0,0,0,0,0,0,0,0,0,3,543.00,0.9337016575
2021,Sutojayan,JINGGLONG,sutojayan,sutojayanJINGGLONG,-8.1779,112.2295,486,206,2342,7,279,20,94,112,217,992,33,8,126,5,3,0,0,0,0,0,0,0,0,0,0,1,3,2,442.00,1.099547511
2021,Binangun,KEDUNGWUNGU,binangun,binangunKEDUNGWUNGU,-8.1808,112.2979,383,381,2517,5,156,2,69,61,167,757,24,3,221,0,0,0,0,0,0,0,0,1,2,5,13,1,5,6,605.60,0.6324306473
2021,Binangun,NGEMBUL,binangun,binangunNGEMBUL,-8.1824,112.3328,320,502,2638,1,179,12,86,75,170,804,19,21,27,0,0,0,0,0,0,0,0,2,13,18,21,1,7,1,440.03,0.7272231439
2021,Kademangan,DAWUHAN,kademangan,kademanganDAWUHAN,-8.1840,112.1337,591,641,2777,9,256,26,110,134,274,1228,38,7,219,5,1,0,0,0,0,0,0,0,0,0,0,1,2,6,"1,431.37",0.4128911462
2021,Binangun,NGADRI,binangun,binangunNGADRI,-8.1861,112.3655,289,484,2620,6,151,6,83,95,160,764,11,3,37,0,0,0,0,0,0,0,0,0,0,2,7,1,5,4,466.70,0.6192414828
2021,Binangun,UMBULDAMAR,binangun,binangunUMBULDAMAR,-8.1890,112.3457,146,198,2334,3,61,0,52,36,67,342,8,6,49,0,0,0,0,0,0,0,0,0,1,3,7,1,2,1,217.49,0.671295232
2021,Sutojayan,KALIPANG,sutojayan,sutojayanKALIPANG,-8.1917,112.1795,126,382,2518,3,303,17,126,89,213,1133,20,38,44,0,0,0,0,0,0,0,0,0,0,0,0,0,0,7,0.00,0
2021,Kademangan,SURUHWADANG,kademangan,kademanganSURUHWADANG,-8.1917,112.1085,370,498,2634,5,159,6,52,80,160,866,26,0,138,0,0,0,0,0,0,0,0,0,0,0,0,0,0,3,659.81,0.5607674937
2021,Sutojayan,SUKOREJO,sutojayan,sutojayanSUKOREJO,-8.1956,112.2255,78,591,2727,5,182,9,41,55,102,634,18,10,41,2,1,0,0,0,0,0,0,0,0,0,0,1,2,1,"35,289.00",0.002210320496
2021,Kademangan,MARON,kademangan,kademanganMARON,-8.1964,112.0497,440,332,2468,17,149,4,39,92,125,767,20,93,238,3,1,0,0,0,0,0,0,0,0,0,0,1,1,6,"1,122.00",0.3921568627
2021,Panggungrejo,MARGOMULYO,panggungrejo,panggungrejoMARGOMULYO,-8.1994,112.2543,370,544,2680,4,235,7,56,93,159,907,17,29,84,1,0,0,0,0,0,0,0,0,0,0,0,1,1,3,613.44,0.6031559729
2021,Kademangan,PANGGUNGDUWET,kademangan,kademanganPANGGUNGDUWET,-8.2008,112.0329,272,337,2473,4,103,8,30,55,104,607,14,52,107,0,0,0,0,0,0,0,0,0,0,0,0,0,0,4,737.45,0.3688385653
2021,Binangun,REJOSO,binangun,binangunREJOSO,-8.2032,112.3308,277,426,2562,17,178,5,60,82,131,699,12,2,82,0,0,0,0,0,0,0,0,1,4,8,10,1,4,2,450.00,0.6155555556
2021,Panggungrejo,BUMIAYU,panggungrejo,panggungrejoBUMIAYU,-8.2097,112.2773,208,234,2370,19,86,7,21,34,73,435,9,0,103,2,1,0,0,0,0,0,0,0,0,0,0,1,1,3,974.35,0.2134756504
2021,Binangun,SAMBIGEDE,binangun,binangunSAMBIGEDE,-8.2097,112.3498,384,446,2582,15,206,14,81,105,182,821,28,36,148,0,0,0,0,0,0,0,0,0,8,12,19,1,6,5,710.13,0.5407460606
2021,Sutojayan,KEDUNGBUNDER,sutojayan,sutojayanKEDUNGBUNDER,-8.2116,112.1690,129,632,2768,0,166,7,75,63,144,699,22,15,47,2,0,0,0,0,0,0,0,0,0,0,1,1,3,2,286.21,0.4507180043
2021,Kademangan,KEBONSARI,kademangan,kademanganKEBONSARI,-8.2133,112.0746,274,342,2478,3,103,2,45,73,104,611,22,3,123,2,0,0,0,0,0,0,0,0,0,0,0,1,2,2,"1,232.05",0.2223935717
2021,Sutojayan,PANDANARUM,sutojayan,sutojayanPANDANARUM,-8.2136,112.1480,261,145,2281,5,268,12,92,111,215,1129,20,55,159,0,0,0,0,0,0,0,0,0,0,0,0,0,0,1,369.00,0.7073170732
2021,Sutojayan,SUMBERJO,sutojayan,sutojayanSUMBERJO,-8.2156,112.2146,430,6132,8268,0,37,3,9,21,48,222,7,5,11,2,1,0,0,0,0,0,0,0,0,0,0,1,1,1,187.82,2.289426046
2021,Sutojayan,SUTOJAYAN,sutojayan,sutojayanSUTOJAYAN,-8.2168,112.1889,4644,468,2604,13,277,11,80,80,195,1012,19,14,78,1,0,0,0,0,0,0,0,0,0,0,0,1,1,2,369.00,12.58536585
2021,Binangun,SUKORAME,binangun,binangunSUKORAME,-8.2186,112.3793,122,163,2299,2,91,1,18,24,54,281,7,0,54,0,0,0,0,0,0,0,0,1,4,4,6,1,1,1,360.00,0.3388888889
2021,Binangun,BIROWO,binangun,binangunBIROWO,-8.2194,112.3628,689,158,2294,36,141,10,80,104,168,837,32,15,617,0,0,0,0,0,0,0,0,0,6,8,14,1,5,1,845.00,0.8153846154
2021,Binangun,SALAMREJO,binangun,binangunSALAMREJO,-8.2225,112.3083,128,177,2313,1,62,1,16,30,42,305,9,0,52,0,0,0,0,0,0,0,0,1,5,6,9,1,2,1,437.36,0.2926650814
2021,Panggungrejo,PANGGUNGASRI,panggungrejo,panggungrejoPANGGUNGASRI,-8.2258,112.2893,249,225,2361,52,117,30,23,36,67,471,13,13,126,3,0,0,0,0,0,0,0,0,0,0,0,1,2,2,460.00,0.5413043478
2021,Binangun,BINANGUN,binangun,binangunBINANGUN,-8.2326,112.3339,542,495,2631,5,211,16,73,121,220,1028,36,48,289,0,0,0,0,0,0,0,0,5,11,16,20,1,8,16,962.00,0.5634095634
2021,Sutojayan,BACEM,sutojayan,sutojayanBACEM,-8.2352,112.2118,243,551,2687,8,260,12,82,67,158,1018,21,18,43,3,0,0,0,0,0,0,0,0,0,0,0,1,1,2,417.50,0.5820359281
2021,Bakung,NGREJO,bakung,bakungNGREJO,-8.2413,112.0352,120,257,2393,0,84,0,17,34,73,373,10,1,18,0,0,0,0,0,0,0,0,0,0,0,0,0,0,4,789.10,0.1520719807
2021,Bakung,PULEREJO,bakung,bakungPULEREJO,-8.2424,112.0371,262,314,2450,4,136,13,29,53,118,571,17,19,130,0,0,0,0,0,0,0,0,0,0,0,0,0,0,6,980.12,0.2673142064
2021,Binangun,SUMBERKEMBAR,binangun,binangunSUMBERKEMBAR,-8.2451,112.3100,354,391,2527,3,127,2,42,83,143,742,20,4,199,0,0,0,0,0,0,0,0,0,2,6,10,1,5,7,868.16,0.4077589384
2021,Bakung,KEDUNGBANTENG,bakung,bakungKEDUNGBANTENG,-8.2489,112.0870,209,327,2463,2,95,4,30,50,89,533,10,0,76,0,0,0,0,0,0,0,0,0,0,0,0,0,0,4,998.13,0.2093915622
2021,Wonotirto,WONOTIRTO,wonotirto,wonotirtoWONOTIRTO,-8.2499,112.1591,0,0,2136,10,184,10,67,89,184,937,23,44,221,0,0,0,0,0,0,7,8,8,9,15,20,1,7,3,"1,200.00",0
2021,Bakung,LOREJO,bakung,bakungLOREJO,-8.2501,112.1044,229,351,2487,4,122,0,32,47,84,576,20,3,100,0,0,0,0,0,0,0,0,0,0,0,0,0,0,4,"1,065.63",0.2148963524
2021,Wates,MOJOREJO,wates,watesMOJOREJO,-8.2507,112.3546,343,412,2548,1,112,9,44,49,93,460,22,128,106,0,0,0,0,0,0,3,5,7,8,9,11,1,4,4,776.00,0.4420103093
2021,Panggungrejo,SUMBERAGUNG,panggungrejo,panggungrejoSUMBERAGUNG,-8.2513,112.2891,187,216,2352,2,88,1,30,23,70,401,9,4,89,1,0,0,0,0,0,0,0,0,0,0,0,1,1,1,646.50,0.2892498067
2021,Wates,SUMBERARUM,wates,watesSUMBERARUM,-8.2517,112.3368,454,248,2384,20,48,0,15,26,40,251,13,0,134,6,5,3,3,2,2,3,6,8,8,8,11,1,2,1,280.96,1.615888383
2021,Panggungrejo,PANGGUNGREJO,panggungrejo,panggungrejoPANGGUNGREJO,-8.2520,112.2609,694,626,2762,4,276,2,88,115,263,1307,22,45,363,1,0,0,0,0,0,0,0,0,0,0,0,1,1,2,"18,075.00",0.038395574
2021,Panggungrejo,KALITENGAH,panggungrejo,panggungrejoKALITENGAH,-8.2539,112.2259,658,444,2580,12,231,8,68,115,175,1095,21,73,420,3,0,0,0,0,0,0,0,0,0,0,0,1,3,1,"1,945.00",0.3383033419
2021,Kanigoro,TLOGO,kanigoro,kanigoroTLOGO,-8.2651,112.1997,551,707,2843,7,368,28,183,186,250,1247,47,36,48,66,63,66,70,64,52,50,48,45,48,48,47,1,7,3,330.02,1.669595782
2021,Bakung,SUMBERDADI,bakung,bakungSUMBERDADI,-8.2655,112.0565,83,141,2277,0,44,0,11,28,43,221,5,0,28,0,0,0,0,0,0,0,0,0,0,0,0,0,0,2,381.96,0.2173002409
2021,Wonotirto,PASIRAMAN,wonotirto,wonotirtoPASIRAMAN,-8.2660,112.1169,368,570,2706,5,165,2,32,77,105,611,13,10,50,11,11,10,8,5,4,6,6,6,11,12,15,1,4,3,852.46,0.4316918096
2021,Wates,WATES,wates,watesWATES,-8.2668,112.3723,3957,798,2934,4,220,11,82,122,167,840,28,66,122,1,1,1,0,0,0,5,7,11,13,16,19,1,6,11,721.34,5.485623978
2021,Bakung,BAKUNG,bakung,bakungBAKUNG,-8.2670,112.0687,77,181,2317,1,49,1,17,31,61,257,3,0,7,0,0,0,0,0,0,0,0,0,0,0,0,0,0,2,42.47,1.813044502
2021,Wonotirto,SUMBERBOTO,wonotirto,wonotirtoSUMBERBOTO,-8.2705,112.1429,421,493,2629,1,128,6,45,54,87,596,17,98,175,0,0,0,0,1,1,5,7,11,11,15,14,1,6,2,933.00,0.4512325831
2021,Wonotirto,NGENI,wonotirto,wonotirtoNGENI,-8.2732,112.2020,228,233,2369,48,287,21,106,158,278,1615,55,187,561,0,0,0,1,1,1,5,13,17,21,24,31,1,14,3,40.39,5.644961624
2021,Wates,PURWOREJO,wates,watesPURWOREJO,-8.2737,112.3026,453,249,2385,9,113,3,56,66,104,622,17,176,138,0,0,0,0,0,0,2,5,5,6,8,9,1,5,0,743.20,0.6095263724
2021,Bakung,TUMPAKOYOT,bakung,bakungTUMPAKOYOT,-8.2800,112.0534,147,160,2296,12,54,2,23,27,60,305,11,0,79,0,0,0,0,0,0,0,0,0,0,0,0,0,0,3,"1,401.72",0.1048711583
2021,Wates,TULUNGREJO,wates,watesTULUNGREJO,-8.2886,112.3080,398,4160,6296,14,129,4,47,36,102,480,10,8,105,0,0,0,0,0,0,0,0,2,4,5,5,1,4,2,902.08,0.4412025541
2021,Wonotirto,KALIGRENJENG,wonotirto,wonotirtoKALIGRENJENG,-8.2892,112.1259,495,651,2787,2,139,4,21,57,102,511,14,1,99,0,0,0,0,0,0,1,1,1,4,6,6,1,3,2,806.32,0.6139001885
2021,Bakung,PLANDIREJO,bakung,bakungPLANDIREJO,-8.2898,112.0344,303,265,2401,9,123,5,17,56,101,560,22,8,206,0,0,0,0,0,0,0,0,0,0,0,0,0,0,2,714.52,0.424060908
2021,Wonotirto,GUNUNGGEDE,wonotirto,wonotirtoGUNUNGGEDE,-8.2916,112.1690,227,183,2319,4,161,16,40,48,100,562,12,5,190,0,0,0,0,0,0,4,9,10,11,12,15,1,6,2,893.34,0.2541025813
2021,Bakung,TUMPAKKEPUH,bakung,bakungTUMPAKKEPUH,-8.2922,112.1038,318,305,2441,3,185,4,38,59,107,618,21,22,133,0,0,0,0,0,0,0,0,0,0,0,0,0,0,3,"1,256.00",0.2531847134
2021,Panggungrejo,BALEREJO,panggungrejo,panggungrejoBALEREJO,-8.2925,112.2928,235,253,2389,12,145,18,36,46,88,483,12,17,89,0,0,0,0,0,0,0,0,0,0,0,0,0,0,2,9.47,24.81520591
2021,Wates,SUKOREJO,wates,watesSUKOREJO,-8.2929,112.3526,164,323,2459,7,96,0,42,46,110,475,13,17,117,2,1,2,2,3,3,3,4,9,9,9,10,1,4,1,634.04,0.2586587597
2021,Bakung,SIDOMULYO,bakung,bakungSIDOMULYO,-8.2950,112.0889,319,252,2388,4,122,5,17,58,98,567,16,1,259,0,0,0,0,0,0,0,0,0,0,0,0,0,0,5,703.17,0.4536598547
2021,Bakung,BULULAWANG,bakung,bakungBULULAWANG,-8.2981,112.0685,69,122,2258,1,35,3,10,21,36,188,2,0,25,0,0,0,0,0,0,0,0,0,0,0,0,0,0,2,115.04,0.5997913769
2021,Wates,RINGINREJO,wates,watesRINGINREJO,-8.3045,112.3165,233,88,2224,7,222,7,110,90,171,857,27,38,195,0,0,0,0,0,0,4,7,11,14,16,18,1,5,2,673.00,0.3462109955
2021,Panggungrejo,SERANG,panggungrejo,panggungrejoSERANG,-8.3065,112.2324,507,279,2415,5,190,5,51,81,122,783,21,338,84,1,0,0,0,0,0,0,0,0,0,0,0,1,1,2,744.50,0.6809939557
2021,Panggungrejo,KALIGAMBIR,panggungrejo,panggungrejoKALIGAMBIR,-8.3073,112.2682,719,246,2382,1,205,3,68,71,114,959,18,209,495,4,0,0,0,0,0,0,0,0,0,0,0,1,2,1,"1,381.00",0.5206372194
2021,Wonotirto,TAMBAKREJO,wonotirto,wonotirtoTAMBAKREJO,-8.3118,112.1477,459,0,2136,18,277,4,58,86,169,985,18,9,93,0,0,0,0,0,0,2,10,11,15,21,23,1,5,4,"3,228.00",0.1421933086
2021,Wates,TUGUREJO,wates,watesTUGUREJO,-8.3141,112.3578,237,451,2587,6,188,9,71,92,137,764,20,222,148,13,11,16,18,20,20,21,25,23,20,19,20,1,6,1,"1,788.39",0.1325214299
2021,Wonotirto,NGADIPURO,wonotirto,wonotirtoNGADIPURO,-8.3163,112.1922,978,391,2527,5,115,4,47,54,107,674,18,6,409,0,0,0,0,2,2,3,6,8,9,12,12,1,4,3,"1,859.66",0.5259025843
2021,Panggungrejo,SUMBERSIH,panggungrejo,panggungrejoSUMBERSIH,-8.3190,112.2525,202,251,2387,28,80,3,28,37,69,449,11,15,106,0,0,0,0,0,0,0,0,0,0,0,0,0,0,2,"5,555.00",0.03636363636